region,sygehus,speciale,speciale2,status
Færøerne,"Landssjúkrahúsið, Torshavn, Færøerne",Intern medicin,Almen medicin,ledig
Færøerne,"Landssjúkrahúsið, Torshavn, Færøerne",Intern medicin,Almen medicin,ledig
Færøerne,"Landssjúkrahúsið, Torshavn, Færøerne",Intern medicin,Almen medicin,ledig
Hovedstaden,Amager og Hvidovre Hospital,Intern medicin,Almen medicin,optaget
Hovedstaden,Amager og Hvidovre Hospital,Intern medicin,Almen medicin,ledig
Hovedstaden,Amager og Hvidovre Hospital,Intern medicin,Almen medicin,ledig
Hovedstaden,Amager og Hvidovre Hospital,Intern medicin,Almen medicin,ledig
Hovedstaden,Amager og Hvidovre Hospital,Intern medicin,Almen medicin,ledig
Hovedstaden,Amager og Hvidovre Hospital,Intern medicin,Almen medicin,ledig
Hovedstaden,Amager og Hvidovre Hospital,Intern medicin,Almen medicin,optaget
Hovedstaden,Amager og Hvidovre Hospital,Intern medicin,Almen medicin,ledig
Hovedstaden,Amager og Hvidovre Hospital,Intern medicin,Almen medicin,ledig
Hovedstaden,Amager og Hvidovre Hospital,Intern medicin,Almen medicin,ledig
Hovedstaden,Amager og Hvidovre Hospital,Intern medicin,Almen medicin,ledig
Hovedstaden,Amager og Hvidovre Hospital,Intern medicin,Almen medicin,optaget
Hovedstaden,Amager og Hvidovre Hospital,Intern medicin,Almen medicin,ledig
Hovedstaden,Amager og Hvidovre Hospital,Intern medicin,Almen medicin,ledig
Hovedstaden,Amager og Hvidovre Hospital,Intern medicin,Almen medicin,ledig
Hovedstaden,Amager og Hvidovre Hospital,Intern medicin,Almen medicin,optaget
Hovedstaden,Amager og Hvidovre Hospital,Intern medicin,Almen medicin,ledig
Hovedstaden,Amager og Hvidovre Hospital,Intern medicin,Almen medicin,ledig
Hovedstaden,Amager og Hvidovre Hospital,Intern medicin,Almen medicin,ledig
Hovedstaden,Amager og Hvidovre Hospital,Intern medicin,Almen medicin,ledig
Hovedstaden,Amager og Hvidovre Hospital,Intern medicin,Almen medicin,ledig
Hovedstaden,Amager og Hvidovre Hospital,Kirurgi,Almen medicin,ledig
Hovedstaden,Amager og Hvidovre Hospital,Kirurgi,Almen medicin,ledig
Hovedstaden,Amager og Hvidovre Hospital,Kirurgi,Almen medicin,ledig
Hovedstaden,Amager og Hvidovre Hospital,Kirurgi,Almen medicin,optaget
Hovedstaden,Amager og Hvidovre Hospital,Kirurgi,Almen medicin,ledig
Hovedstaden,Amager og Hvidovre Hospital,Kirurgi,Almen medicin,ledig
Hovedstaden,Amager og Hvidovre Hospital,Kirurgi,Almen medicin,ledig
Hovedstaden,Amager og Hvidovre Hospital,Ortopædisk kirurgi,Almen medicin,ledig
Hovedstaden,Amager og Hvidovre Hospital,Ortopædisk kirurgi,Almen medicin,ledig
Hovedstaden,Amager og Hvidovre Hospital,Ortopædisk kirurgi,Almen medicin,ledig
Hovedstaden,Amager og Hvidovre Hospital,Ortopædisk kirurgi,Almen medicin,ledig
Hovedstaden,Amager og Hvidovre Hospital,Ortopædisk kirurgi,Almen medicin,ledig
Hovedstaden,Amager og Hvidovre Hospital,Ortopædisk kirurgi,Almen medicin,ledig
Hovedstaden,Amager og Hvidovre Hospital,Ortopædisk kirurgi,Almen medicin,ledig
Hovedstaden,Amager og Hvidovre Hospital,Ortopædisk kirurgi,Almen medicin,ledig
Hovedstaden,Amager og Hvidovre Hospital,Ortopædisk kirurgi,Almen medicin,ledig
Hovedstaden,Amager og Hvidovre Hospital,Ortopædisk kirurgi,Almen medicin,ledig
Hovedstaden,Amager og Hvidovre Hospital,Ortopædisk kirurgi,Almen medicin,ledig
Hovedstaden,Bispebjerg og Frederiksberg Hospital,Intern medicin,Almen medicin,ledig
Hovedstaden,Bispebjerg og Frederiksberg Hospital,Intern medicin,Almen medicin,optaget
Hovedstaden,Bispebjerg og Frederiksberg Hospital,Intern medicin,Almen medicin,ledig
Hovedstaden,Bispebjerg og Frederiksberg Hospital,Intern medicin,Almen medicin,ledig
Hovedstaden,Bispebjerg og Frederiksberg Hospital,Intern medicin,Almen medicin,ledig
Hovedstaden,Bispebjerg og Frederiksberg Hospital,Intern medicin,Almen medicin,ledig
Hovedstaden,Bispebjerg og Frederiksberg Hospital,Intern medicin,Almen medicin,optaget
Hovedstaden,Bispebjerg og Frederiksberg Hospital,Intern medicin,Almen medicin,ledig
Hovedstaden,Bispebjerg og Frederiksberg Hospital,Intern medicin,Almen medicin,optaget
Hovedstaden,Bispebjerg og Frederiksberg Hospital,Intern medicin,Almen medicin,ledig
Hovedstaden,Bispebjerg og Frederiksberg Hospital,Intern medicin,Almen medicin,ledig
Hovedstaden,Bispebjerg og Frederiksberg Hospital,Intern medicin,Almen medicin,optaget
Hovedstaden,Bispebjerg og Frederiksberg Hospital,Intern medicin,Almen medicin,ledig
Hovedstaden,Bispebjerg og Frederiksberg Hospital,Intern medicin,Almen medicin,optaget
Hovedstaden,Bispebjerg og Frederiksberg Hospital,Intern medicin,Almen medicin,optaget
Hovedstaden,Bispebjerg og Frederiksberg Hospital,Intern medicin,Almen medicin,ledig
Hovedstaden,Bispebjerg og Frederiksberg Hospital,Intern medicin,Almen medicin,ledig
Hovedstaden,Bispebjerg og Frederiksberg Hospital,Intern medicin,Almen medicin,optaget
Hovedstaden,Bispebjerg og Frederiksberg Hospital,Intern medicin,Almen medicin,optaget
Hovedstaden,Bispebjerg og Frederiksberg Hospital,Intern medicin,Almen medicin,optaget
Hovedstaden,Bispebjerg og Frederiksberg Hospital,Intern medicin,Almen medicin,ledig
Hovedstaden,Bispebjerg og Frederiksberg Hospital,Kirurgi,Almen medicin,ledig
Hovedstaden,Bispebjerg og Frederiksberg Hospital,Kirurgi,Almen medicin,ledig
Hovedstaden,Bispebjerg og Frederiksberg Hospital,Kirurgi,Almen medicin,ledig
Hovedstaden,Bispebjerg og Frederiksberg Hospital,Kirurgi,Almen medicin,ledig
Hovedstaden,Bispebjerg og Frederiksberg Hospital,Kirurgi,Almen medicin,optaget
Hovedstaden,Bispebjerg og Frederiksberg Hospital,Kirurgi,Almen medicin,ledig
Hovedstaden,Bispebjerg og Frederiksberg Hospital,Kirurgi,Almen medicin,ledig
Hovedstaden,Bispebjerg og Frederiksberg Hospital,Neurologi,Almen medicin,ledig
Hovedstaden,Bispebjerg og Frederiksberg Hospital,Neurologi,Almen medicin,optaget
Hovedstaden,Bispebjerg og Frederiksberg Hospital,Neurologi,Almen medicin,ledig
Hovedstaden,Bispebjerg og Frederiksberg Hospital,Neurologi,Almen medicin,optaget
Hovedstaden,Bispebjerg og Frederiksberg Hospital,Ortopædisk kirurgi,Almen medicin,ledig
Hovedstaden,Bispebjerg og Frederiksberg Hospital,Ortopædisk kirurgi,Almen medicin,optaget
Hovedstaden,Bispebjerg og Frederiksberg Hospital,Ortopædisk kirurgi,Almen medicin,ledig
Hovedstaden,Bispebjerg og Frederiksberg Hospital,Ortopædisk kirurgi,Almen medicin,ledig
Hovedstaden,Bispebjerg og Frederiksberg Hospital,Ortopædisk kirurgi,Almen medicin,ledig
Hovedstaden,Bispebjerg og Frederiksberg Hospital,Ortopædisk kirurgi,Almen medicin,optaget
Hovedstaden,Bispebjerg og Frederiksberg Hospital,Ortopædisk kirurgi,Almen medicin,ledig
Hovedstaden,Bispebjerg og Frederiksberg Hospital,Ortopædisk kirurgi,Almen medicin,optaget
Hovedstaden,Bispebjerg og Frederiksberg Hospital,Ortopædisk kirurgi,Almen medicin,ledig
Hovedstaden,Bornholms Hospital,Intern medicin,Almen medicin,ledig
Hovedstaden,Bornholms Hospital,Intern medicin,Almen medicin,ledig
Hovedstaden,Bornholms Hospital,Intern medicin,Almen medicin,ledig
Hovedstaden,Bornholms Hospital,Kirurgi,Almen medicin,ledig
Hovedstaden,Bornholms Hospital,Kirurgi,Almen medicin,ledig
Hovedstaden,Bornholms Hospital,Kirurgi,Intern medicin,optaget
Hovedstaden,Herlev og Gentofte Hospital,Intern medicin,Almen medicin,ledig
Hovedstaden,Herlev og Gentofte Hospital,Intern medicin,Almen medicin,ledig
Hovedstaden,Herlev og Gentofte Hospital,Intern medicin,Almen medicin,ledig
Hovedstaden,Herlev og Gentofte Hospital,Intern medicin,Almen medicin,ledig
Hovedstaden,Herlev og Gentofte Hospital,Intern medicin,Almen medicin,ledig
Hovedstaden,Herlev og Gentofte Hospital,Intern medicin,Almen medicin,optaget
Hovedstaden,Herlev og Gentofte Hospital,Intern medicin,Almen medicin,ledig
Hovedstaden,Herlev og Gentofte Hospital,Intern medicin,Almen medicin,optaget
Hovedstaden,Herlev og Gentofte Hospital,Intern medicin,Almen medicin,ledig
Hovedstaden,Herlev og Gentofte Hospital,Intern medicin,Almen medicin,ledig
Hovedstaden,Herlev og Gentofte Hospital,Intern medicin,Almen medicin,ledig
Hovedstaden,Herlev og Gentofte Hospital,Intern medicin,Almen medicin,ledig
Hovedstaden,Herlev og Gentofte Hospital,Kirurgi,Almen medicin,ledig
Hovedstaden,Herlev og Gentofte Hospital,Kirurgi,Almen medicin,ledig
Hovedstaden,Herlev og Gentofte Hospital,Kirurgi,Almen medicin,ledig
Hovedstaden,Herlev og Gentofte Hospital,Kirurgi,Almen medicin,ledig
Hovedstaden,Herlev og Gentofte Hospital,Kirurgi,Almen medicin,ledig
Hovedstaden,Herlev og Gentofte Hospital,Kirurgi,Almen medicin,ledig
Hovedstaden,Herlev og Gentofte Hospital,Neurologi,Almen medicin,ledig
Hovedstaden,Herlev og Gentofte Hospital,Neurologi,Almen medicin,ledig
Hovedstaden,Herlev og Gentofte Hospital,Neurologi,Almen medicin,ledig
Hovedstaden,Herlev og Gentofte Hospital,Neurologi,Almen medicin,ledig
Hovedstaden,Herlev og Gentofte Hospital,Ortopædisk kirurgi,Almen medicin,ledig
Hovedstaden,Herlev og Gentofte Hospital,Ortopædisk kirurgi,Almen medicin,ledig
Hovedstaden,Herlev og Gentofte Hospital,Ortopædisk kirurgi,Almen medicin,ledig
Hovedstaden,Herlev og Gentofte Hospital,Ortopædisk kirurgi,Almen medicin,ledig
Hovedstaden,Herlev og Gentofte Hospital,Ortopædisk kirurgi,Almen medicin,ledig
Hovedstaden,Herlev og Gentofte Hospital,Ortopædisk kirurgi,Almen medicin,ledig
Hovedstaden,Herlev og Gentofte Hospital,Ortopædisk kirurgi,Almen medicin,ledig
Hovedstaden,Herlev og Gentofte Hospital,Ortopædisk kirurgi,Almen medicin,ledig
Hovedstaden,Herlev og Gentofte Hospital,Ortopædisk kirurgi,Almen medicin,ledig
Hovedstaden,Herlev og Gentofte Hospital,Urologi,Almen medicin,ledig
Hovedstaden,Herlev og Gentofte Hospital,Urologi,Almen medicin,ledig
Hovedstaden,Herlev og Gentofte Hospital,Urologi,Almen medicin,optaget
Hovedstaden,Herlev og Gentofte Hospital,Urologi,Almen medicin,ledig
Hovedstaden,Herlev og Gentofte Hospital,Urologi,Almen medicin,ledig
Hovedstaden,Herlev og Gentofte Hospital,Urologi,Almen medicin,ledig
Hovedstaden,Herlev og Gentofte Hospital,Urologi,Almen medicin,ledig
Hovedstaden,Herlev og Gentofte Hospital,Urologi,Almen medicin,ledig
Hovedstaden,Herlev og Gentofte Hospital,Urologi,Almen medicin,ledig
Hovedstaden,Hovedstaden - Syd,Almen medicin,Psykiatri,ledig
Hovedstaden,Hovedstaden - Syd,Almen medicin,Psykiatri,ledig
Hovedstaden,Hovedstaden - Syd,Almen medicin,Psykiatri,ledig
Hovedstaden,Nordsjællands Hospital,Akutmedicin,Almen medicin,ledig
Hovedstaden,Nordsjællands Hospital,Akutmedicin,Almen medicin,ledig
Hovedstaden,Nordsjællands Hospital,Akutmedicin,Almen medicin,ledig
Hovedstaden,Nordsjællands Hospital,Akutmedicin,Almen medicin,ledig
Hovedstaden,Nordsjællands Hospital,Akutmedicin,Almen medicin,ledig
Hovedstaden,Nordsjællands Hospital,Akutmedicin,Almen medicin,ledig
Hovedstaden,Nordsjællands Hospital,Intern medicin,Almen medicin,ledig
Hovedstaden,Nordsjællands Hospital,Intern medicin,Almen medicin,optaget
Hovedstaden,Nordsjællands Hospital,Intern medicin,Almen medicin,ledig
Hovedstaden,Nordsjællands Hospital,Intern medicin,Almen medicin,ledig
Hovedstaden,Nordsjællands Hospital,Intern medicin,Almen medicin,ledig
Hovedstaden,Nordsjællands Hospital,Intern medicin,Almen medicin,ledig
Hovedstaden,Nordsjællands Hospital,Intern medicin,Almen medicin,ledig
Hovedstaden,Nordsjællands Hospital,Intern medicin,Almen medicin,ledig
Hovedstaden,Nordsjællands Hospital,Intern medicin,Almen medicin,ledig
Hovedstaden,Nordsjællands Hospital,Intern medicin,Almen medicin,ledig
Hovedstaden,Nordsjællands Hospital,Intern medicin,Almen medicin,ledig
Hovedstaden,Nordsjællands Hospital,Intern medicin,Almen medicin,ledig
Hovedstaden,Nordsjællands Hospital,Intern medicin,Almen medicin,ledig
Hovedstaden,Nordsjællands Hospital,Intern medicin,Almen medicin,ledig
Hovedstaden,Nordsjællands Hospital,Kirurgi,Almen medicin,ledig
Hovedstaden,Nordsjællands Hospital,Kirurgi,Almen medicin,ledig
Hovedstaden,Nordsjællands Hospital,Kirurgi,Almen medicin,ledig
Hovedstaden,Nordsjællands Hospital,Kirurgi,Almen medicin,ledig
Hovedstaden,Nordsjællands Hospital,Kirurgi,Almen medicin,ledig
Hovedstaden,Nordsjællands Hospital,Kirurgi,Almen medicin,ledig
Hovedstaden,Nordsjællands Hospital,Kirurgi,Almen medicin,ledig
Hovedstaden,Nordsjællands Hospital,Kirurgi,Almen medicin,ledig
Hovedstaden,Nordsjællands Hospital,Kirurgi,Almen medicin,ledig
Hovedstaden,Nordsjællands Hospital,Neurologi,Almen medicin,ledig
Hovedstaden,Nordsjællands Hospital,Neurologi,Almen medicin,ledig
Hovedstaden,Nordsjællands Hospital,Neurologi,Almen medicin,ledig
Hovedstaden,Nordsjællands Hospital,Ortopædisk kirurgi,Almen medicin,ledig
Hovedstaden,Nordsjællands Hospital,Ortopædisk kirurgi,Almen medicin,ledig
Hovedstaden,Nordsjællands Hospital,Ortopædisk kirurgi,Almen medicin,ledig
Hovedstaden,Nordsjællands Hospital,Ortopædisk kirurgi,Almen medicin,ledig
Hovedstaden,Nordsjællands Hospital,Ortopædisk kirurgi,Almen medicin,ledig
Hovedstaden,Nordsjællands Hospital,Ortopædisk kirurgi,Almen medicin,ledig
Hovedstaden,Nordsjællands Hospital,Ortopædisk kirurgi,Almen medicin,ledig
Hovedstaden,Nordsjællands Hospital,Ortopædisk kirurgi,Almen medicin,ledig
Hovedstaden,Nordsjællands Hospital,Ortopædisk kirurgi,Almen medicin,ledig
Hovedstaden,Rigshospitalet,Neurologi,Almen medicin,ledig
Hovedstaden,Rigshospitalet,Neurologi,Almen medicin,ledig
Hovedstaden,Rigshospitalet,Neurologi,Almen medicin,ledig
Hovedstaden,Rigshospitalet,Neurologi,Almen medicin,ledig
Midtjylland,Distrikt Midt,Almen medicin,Psykiatri,ledig
Midtjylland,Distrikt Midt,Almen medicin,Psykiatri,ledig
Midtjylland,Hospitalsenhed Midt,Akutmedicin,Almen medicin,optaget
Midtjylland,Hospitalsenhed Midt,Akutmedicin,Almen medicin,ledig
Midtjylland,Hospitalsenhed Midt,Akutmedicin,Almen medicin,ledig
Midtjylland,Hospitalsenhed Midt,Akutmedicin,Almen medicin,ledig
Midtjylland,Hospitalsenhed Midt,Akutmedicin,Almen medicin,ledig
Midtjylland,Hospitalsenhed Midt,Akutmedicin,Almen medicin,ledig
Midtjylland,Hospitalsenhed Midt,Akutmedicin,Almen medicin,ledig
Midtjylland,Hospitalsenhed Midt,Akutmedicin,Almen medicin,ledig
Midtjylland,Hospitalsenhed Midt,Intern medicin,Almen medicin,ledig
Midtjylland,Hospitalsenhed Midt,Intern medicin,Almen medicin,ledig
Midtjylland,Hospitalsenhed Midt,Intern medicin,Almen medicin,ledig
Midtjylland,Hospitalsenhed Midt,Intern medicin,Almen medicin,ledig
Midtjylland,Hospitalsenhed Midt,Intern medicin,Almen medicin,ledig
Midtjylland,Hospitalsenhed Midt,Intern medicin,Almen medicin,ledig
Midtjylland,Hospitalsenhed Midt,Intern medicin,Almen medicin,ledig
Midtjylland,Hospitalsenhed Midt,Intern medicin,Almen medicin,ledig
Midtjylland,Hospitalsenhed Midt,Kirurgi,Almen medicin,ledig
Midtjylland,Hospitalsenhed Midt,Kirurgi,Almen medicin,ledig
Midtjylland,Hospitalsenhed Midt,Neurologi,Almen medicin,ledig
Midtjylland,Hospitalsenhed Midt,Neurologi,Almen medicin,ledig
Midtjylland,Hospitalsenheden Horsens,Akutmedicin,Almen medicin,optaget
Midtjylland,Hospitalsenheden Horsens,Akutmedicin,Almen medicin,optaget
Midtjylland,Hospitalsenheden Horsens,Akutmedicin,Almen medicin,ledig
Midtjylland,Hospitalsenheden Horsens,Akutmedicin,Almen medicin,ledig
Midtjylland,Hospitalsenheden Horsens,Akutmedicin,Almen medicin,ledig
Midtjylland,Hospitalsenheden Horsens,Akutmedicin,Almen medicin,ledig
Midtjylland,Hospitalsenheden Horsens,Akutmedicin,Almen medicin,ledig
Midtjylland,Hospitalsenheden Horsens,Akutmedicin,Almen medicin,ledig
Midtjylland,Hospitalsenheden Horsens,Akutmedicin,Almen medicin,ledig
Midtjylland,Hospitalsenheden Horsens,Akutmedicin,Almen medicin,ledig
Midtjylland,Hospitalsenheden Horsens,Akutmedicin,Almen medicin,ledig
Midtjylland,Hospitalsenheden Horsens,Akutmedicin,Almen medicin,ledig
Midtjylland,Hospitalsenheden Horsens,Intern medicin,Almen medicin,ledig
Midtjylland,Hospitalsenheden Horsens,Intern medicin,Almen medicin,ledig
Midtjylland,Hospitalsenheden Horsens,Intern medicin,Almen medicin,ledig
Midtjylland,Hospitalsenheden Horsens,Intern medicin,Almen medicin,ledig
Midtjylland,Hospitalsenheden Horsens,Kirurgi,Almen medicin,ledig
Midtjylland,Hospitalsenheden Horsens,Kirurgi,Almen medicin,ledig
Midtjylland,Hospitalsenheden Horsens,Kirurgi,Almen medicin,ledig
Midtjylland,Hospitalsenheden Horsens,Kirurgi,Almen medicin,ledig
Midtjylland,Psykiatrien Region Midtjylland,Psykiatri,Almen medicin,ledig
Midtjylland,Psykiatrien Region Midtjylland,Psykiatri,Almen medicin,ledig
Midtjylland,Psykiatrien Region Midtjylland,Psykiatri,Almen medicin,ledig
Midtjylland,Psykiatrien Region Midtjylland,Psykiatri,Almen medicin,ledig
Midtjylland,Regionshospitalet Gødstrup,Akutmedicin,Almen medicin,ledig
Midtjylland,Regionshospitalet Gødstrup,Akutmedicin,Almen medicin,ledig
Midtjylland,Regionshospitalet Gødstrup,Akutmedicin,Almen medicin,ledig
Midtjylland,Regionshospitalet Gødstrup,Akutmedicin,Almen medicin,ledig
Midtjylland,Regionshospitalet Gødstrup,Akutmedicin,Almen medicin,ledig
Midtjylland,Regionshospitalet Gødstrup,Akutmedicin,Almen medicin,ledig
Midtjylland,Regionshospitalet Gødstrup,Akutmedicin,Almen medicin,ledig
Midtjylland,Regionshospitalet Gødstrup,Akutmedicin,Almen medicin,ledig
Midtjylland,Regionshospitalet Gødstrup,Akutmedicin,Almen medicin,ledig
Midtjylland,Regionshospitalet Gødstrup,Akutmedicin,Almen medicin,ledig
Midtjylland,Regionshospitalet Gødstrup,Akutmedicin,Almen medicin,ledig
Midtjylland,Regionshospitalet Gødstrup,Akutmedicin,Almen medicin,ledig
Midtjylland,Regionshospitalet Gødstrup,Akutmedicin,Almen medicin,ledig
Midtjylland,Regionshospitalet Gødstrup,Intern medicin,Almen medicin,optaget
Midtjylland,Regionshospitalet Gødstrup,Intern medicin,Almen medicin,ledig
Midtjylland,Regionshospitalet Gødstrup,Intern medicin,Almen medicin,ledig
Midtjylland,Regionshospitalet Gødstrup,Kirurgi,Almen medicin,ledig
Midtjylland,Regionshospitalet Gødstrup,Kirurgi,Almen medicin,ledig
Midtjylland,Regionshospitalet Gødstrup,Neurologi,Almen medicin,ledig
Midtjylland,Regionshospitalet Gødstrup,Ortopædisk kirurgi,Almen medicin,ledig
Midtjylland,Regionshospitalet Gødstrup,Ortopædisk kirurgi,Almen medicin,ledig
Midtjylland,Regionshospitalet Gødstrup,Ortopædisk kirurgi,Almen medicin,ledig
Midtjylland,Regionshospitalet Gødstrup,Ortopædisk kirurgi,Almen medicin,ledig
Midtjylland,Regionshospitalet Gødstrup,Urologi,Almen medicin,ledig
Midtjylland,Regionshospitalet Gødstrup,Urologi,Almen medicin,ledig
Midtjylland,Regionshospitalet Randers,Akutmedicin,Almen medicin,optaget
Midtjylland,Regionshospitalet Randers,Akutmedicin,Almen medicin,ledig
Midtjylland,Regionshospitalet Randers,Akutmedicin,Almen medicin,ledig
Midtjylland,Regionshospitalet Randers,Akutmedicin,Almen medicin,ledig
Midtjylland,Regionshospitalet Randers,Akutmedicin,Almen medicin,ledig
Midtjylland,Regionshospitalet Randers,Akutmedicin,Almen medicin,ledig
Midtjylland,Regionshospitalet Randers,Akutmedicin,Almen medicin,ledig
Midtjylland,Regionshospitalet Randers,Kirurgi,Almen medicin,ledig
Midtjylland,Regionshospitalet Randers,Kirurgi,Almen medicin,ledig
Midtjylland,Regionshospitalet Randers,Kirurgi,Almen medicin,ledig
Midtjylland,Regionshospitalet Randers,Kirurgi,Almen medicin,ledig
Midtjylland,Regionshospitalet Randers,Kirurgi,Almen medicin,ledig
Midtjylland,Regionshospitalet Randers,Kirurgi,Almen medicin,ledig
Midtjylland,Regionshospitalet Randers,Ortopædisk kirurgi,Almen medicin,ledig
Midtjylland,Regionshospitalet Randers,Ortopædisk kirurgi,Almen medicin,ledig
Midtjylland,Regionshospitalet Randers,Ortopædisk kirurgi,Almen medicin,ledig
Midtjylland,Regionshospitalet Randers,Ortopædisk kirurgi,Almen medicin,ledig
Midtjylland,Regionshospitalet Randers,Ortopædisk kirurgi,Almen medicin,ledig
Midtjylland,Regionshospitalet Randers,Ortopædisk kirurgi,Almen medicin,ledig
Midtjylland,Regionshospitalet Randers,Ortopædisk kirurgi,Almen medicin,ledig
Midtjylland,Regionshospitalet Randers,Ortopædisk kirurgi,Almen medicin,ledig
Midtjylland,Aarhus Universitetshospital,Akutmedicin,Almen medicin,optaget
Midtjylland,Aarhus Universitetshospital,Akutmedicin,Almen medicin,optaget
Midtjylland,Aarhus Universitetshospital,Akutmedicin,Almen medicin,ledig
Midtjylland,Aarhus Universitetshospital,Akutmedicin,Almen medicin,ledig
Midtjylland,Aarhus Universitetshospital,Akutmedicin,Almen medicin,ledig
Midtjylland,Aarhus Universitetshospital,Akutmedicin,Almen medicin,optaget
Midtjylland,Aarhus Universitetshospital,Akutmedicin,Almen medicin,optaget
Midtjylland,Aarhus Universitetshospital,Akutmedicin,Almen medicin,optaget
Midtjylland,Aarhus Universitetshospital,Akutmedicin,Almen medicin,ledig
Midtjylland,Aarhus Universitetshospital,Akutmedicin,Almen medicin,ledig
Midtjylland,Aarhus Universitetshospital,Akutmedicin,Almen medicin,ledig
Midtjylland,Aarhus Universitetshospital,Intern medicin,Almen medicin,optaget
Midtjylland,Aarhus Universitetshospital,Intern medicin,Almen medicin,optaget
Midtjylland,Aarhus Universitetshospital,Intern medicin,Almen medicin,optaget
Midtjylland,Aarhus Universitetshospital,Intern medicin,Almen medicin,optaget
Midtjylland,Aarhus Universitetshospital,Intern medicin,Almen medicin,optaget
Midtjylland,Aarhus Universitetshospital,Intern medicin,Almen medicin,optaget
Midtjylland,Aarhus Universitetshospital,Intern medicin,Almen medicin,optaget
Midtjylland,Aarhus Universitetshospital,Intern medicin,Almen medicin,optaget
Midtjylland,Aarhus Universitetshospital,Intern medicin,Almen medicin,ledig
Midtjylland,Aarhus Universitetshospital,Intern medicin,Almen medicin,ledig
Midtjylland,Aarhus Universitetshospital,Intern medicin,Almen medicin,ledig
Midtjylland,Aarhus Universitetshospital,Intern medicin,Almen medicin,optaget
Midtjylland,Aarhus Universitetshospital,Intern medicin,Almen medicin,ledig
Midtjylland,Aarhus Universitetshospital,Kirurgi,Almen medicin,ledig
Midtjylland,Aarhus Universitetshospital,Kirurgi,Almen medicin,ledig
Midtjylland,Aarhus Universitetshospital,Kirurgi,Almen medicin,ledig
Midtjylland,Aarhus Universitetshospital,Kirurgi,Almen medicin,ledig
Midtjylland,Aarhus Universitetshospital,Urologi,Almen medicin,ledig
Midtjylland,Aarhus Universitetshospital,Urologi,Almen medicin,optaget
Nordjylland,"Psykiatrien Nordjylland, Syd",Psykiatri,Almen medicin,ledig
Nordjylland,"Psykiatrien Nordjylland, Syd",Psykiatri,Almen medicin,ledig
Nordjylland,"Psykiatrien Nordjylland, Syd",Psykiatri,Almen medicin,ledig
Nordjylland,Regionshospital Nordjylland,Akutmedicin,Almen medicin,ledig
Nordjylland,Regionshospital Nordjylland,Akutmedicin,Almen medicin,ledig
Nordjylland,Regionshospital Nordjylland,Akutmedicin,Almen medicin,ledig
Nordjylland,Regionshospital Nordjylland,Akutmedicin,Almen medicin,ledig
Nordjylland,Regionshospital Nordjylland,Akutmedicin,Almen medicin,ledig
Nordjylland,Regionshospital Nordjylland,Akutmedicin,Almen medicin,ledig
Nordjylland,Regionshospital Nordjylland,Akutmedicin,Almen medicin,ledig
Nordjylland,Regionshospital Nordjylland,Akutmedicin,Almen medicin,ledig
Nordjylland,Regionshospital Nordjylland,Akutmedicin,Almen medicin,ledig
Nordjylland,Regionshospital Nordjylland,Akutmedicin,Almen medicin,ledig
Nordjylland,Regionshospital Nordjylland,Akutmedicin,Almen medicin,ledig
Nordjylland,Regionshospital Nordjylland,Akutmedicin,Almen medicin,ledig
Nordjylland,Regionshospital Nordjylland,Akutmedicin,Almen medicin,ledig
Nordjylland,Regionshospital Nordjylland,Akutmedicin,Almen medicin,ledig
Nordjylland,Regionshospital Nordjylland,Akutmedicin,Almen medicin,ledig
Nordjylland,Regionshospital Nordjylland,Akutmedicin,Almen medicin,ledig
Nordjylland,Regionshospital Nordjylland,Akutmedicin,Almen medicin,ledig
Nordjylland,Regionshospital Nordjylland,Akutmedicin,Almen medicin,ledig
Nordjylland,Regionshospital Nordjylland,Kirurgi,Almen medicin,ledig
Nordjylland,Regionshospital Nordjylland,Kirurgi,Almen medicin,ledig
Nordjylland,Aalborg Universitetshospital,Akutmedicin,Almen medicin,ledig
Nordjylland,Aalborg Universitetshospital,Akutmedicin,Almen medicin,ledig
Nordjylland,Aalborg Universitetshospital,Akutmedicin,Almen medicin,ledig
Nordjylland,Aalborg Universitetshospital,Akutmedicin,Almen medicin,ledig
Nordjylland,Aalborg Universitetshospital,Akutmedicin,Almen medicin,ledig
Nordjylland,Aalborg Universitetshospital,Akutmedicin,Almen medicin,ledig
Nordjylland,Aalborg Universitetshospital,Akutmedicin,Almen medicin,ledig
Nordjylland,Aalborg Universitetshospital,Akutmedicin,Almen medicin,ledig
Nordjylland,Aalborg Universitetshospital,Intern medicin,Almen medicin,ledig
Nordjylland,Aalborg Universitetshospital,Intern medicin,Almen medicin,ledig
Nordjylland,Aalborg Universitetshospital,Intern medicin,Almen medicin,optaget
Nordjylland,Aalborg Universitetshospital,Intern medicin,Almen medicin,ledig
Nordjylland,Aalborg Universitetshospital,Intern medicin,Almen medicin,ledig
Nordjylland,Aalborg Universitetshospital,Intern medicin,Almen medicin,ledig
Nordjylland,Aalborg Universitetshospital,Intern medicin,Almen medicin,ledig
Nordjylland,Aalborg Universitetshospital,Intern medicin,Almen medicin,ledig
Nordjylland,Aalborg Universitetshospital,Intern medicin,Almen medicin,ledig
Nordjylland,Aalborg Universitetshospital,Intern medicin,Almen medicin,ledig
Nordjylland,Aalborg Universitetshospital,Intern medicin,Almen medicin,ledig
Nordjylland,Aalborg Universitetshospital,Intern medicin,Almen medicin,ledig
Nordjylland,Aalborg Universitetshospital,Intern medicin,Almen medicin,ledig
Nordjylland,Aalborg Universitetshospital,Intern medicin,Almen medicin,ledig
Nordjylland,Aalborg Universitetshospital,Intern medicin,Almen medicin,ledig
Nordjylland,Aalborg Universitetshospital,Kirurgi,Almen medicin,ledig
Nordjylland,Aalborg Universitetshospital,Kirurgi,Almen medicin,ledig
Nordjylland,Aalborg Universitetshospital,Kirurgi,Almen medicin,ledig
Nordjylland,Aalborg Universitetshospital,Kirurgi,Almen medicin,ledig
Nordjylland,Aalborg Universitetshospital,Neurologi,Almen medicin,ledig
Nordjylland,Aalborg Universitetshospital,Ortopædisk kirurgi,Almen medicin,ledig
Nordjylland,Aalborg Universitetshospital,Ortopædisk kirurgi,Almen medicin,ledig
Nordjylland,Aalborg Universitetshospital,Ortopædisk kirurgi,Almen medicin,ledig
Nordjylland,Aalborg Universitetshospital,Ortopædisk kirurgi,Almen medicin,ledig
Nordjylland,Aalborg Universitetshospital,Ortopædisk kirurgi,Almen medicin,ledig
Nordjylland,Aalborg Universitetshospital - Thisted,Intern medicin,Almen medicin,ledig
Nordjylland,Aalborg Universitetshospital - Thisted,Intern medicin,Almen medicin,ledig
Nordjylland,Aalborg Universitetshospital - Thisted,Intern medicin,Almen medicin,ledig
Nordjylland,Aalborg Universitetshospital - Thisted,Intern medicin,Almen medicin,ledig
Nordjylland,Aalborg Universitetshospital - Thisted,Intern medicin,Almen medicin,ledig
Nordjylland,Aalborg Universitetshospital - Thisted,Intern medicin,Almen medicin,ledig
Nordjylland,Aalborg Universitetshospital - Thisted,Intern medicin,Almen medicin,ledig
Sjælland,Holbæk Sygehus,Akutmedicin,Almen medicin,ledig
Sjælland,Holbæk Sygehus,Akutmedicin,Almen medicin,ledig
Sjælland,Holbæk Sygehus,Akutmedicin,Almen medicin,ledig
Sjælland,Holbæk Sygehus,Akutmedicin,Almen medicin,ledig
Sjælland,Holbæk Sygehus,Akutmedicin,Almen medicin,ledig
Sjælland,Holbæk Sygehus,Intern medicin,Almen medicin,ledig
Sjælland,Holbæk Sygehus,Intern medicin,Almen medicin,ledig
Sjælland,Holbæk Sygehus,Intern medicin,Almen medicin,ledig
Sjælland,Holbæk Sygehus,Intern medicin,Almen medicin,ledig
Sjælland,Holbæk Sygehus,Intern medicin,Almen medicin,ledig
Sjælland,Holbæk Sygehus,Kirurgi,Almen medicin,ledig
Sjælland,Holbæk Sygehus,Kirurgi,Almen medicin,ledig
Sjælland,Holbæk Sygehus,Kirurgi,Almen medicin,ledig
Sjælland,Holbæk Sygehus,Kirurgi,Almen medicin,ledig
Sjælland,Holbæk Sygehus,Kirurgi,Almen medicin,ledig
Sjælland,Holbæk Sygehus,Ortopædisk kirurgi,Almen medicin,ledig
Sjælland,Holbæk Sygehus,Ortopædisk kirurgi,Almen medicin,ledig
Sjælland,Holbæk Sygehus,Ortopædisk kirurgi,Almen medicin,ledig
Sjælland,Holbæk Sygehus,Ortopædisk kirurgi,Almen medicin,ledig
Sjælland,"Næstved, Slagelse og Ringsted Sygehuse",Intern medicin,Almen medicin,ledig
Sjælland,"Næstved, Slagelse og Ringsted Sygehuse",Intern medicin,Almen medicin,ledig
Sjælland,"Næstved, Slagelse og Ringsted Sygehuse",Intern medicin,Almen medicin,ledig
Sjælland,"Næstved, Slagelse og Ringsted Sygehuse",Intern medicin,Almen medicin,ledig
Sjælland,"Næstved, Slagelse og Ringsted Sygehuse",Intern medicin,Almen medicin,ledig
Sjælland,"Næstved, Slagelse og Ringsted Sygehuse",Intern medicin,Almen medicin,ledig
Sjælland,"Næstved, Slagelse og Ringsted Sygehuse",Intern medicin,Almen medicin,ledig
Sjælland,"Næstved, Slagelse og Ringsted Sygehuse",Intern medicin,Almen medicin,ledig
Sjælland,"Næstved, Slagelse og Ringsted Sygehuse",Kirurgi,Almen medicin,ledig
Sjælland,"Næstved, Slagelse og Ringsted Sygehuse",Kirurgi,Almen medicin,ledig
Sjælland,"Næstved, Slagelse og Ringsted Sygehuse",Kirurgi,Almen medicin,ledig
Sjælland,"Næstved, Slagelse og Ringsted Sygehuse",Kirurgi,Almen medicin,ledig
Sjælland,"Næstved, Slagelse og Ringsted Sygehuse",Neurologi,Almen medicin,ledig
Sjælland,"Næstved, Slagelse og Ringsted Sygehuse",Ortopædisk kirurgi,Almen medicin,ledig
Sjælland,"Næstved, Slagelse og Ringsted Sygehuse",Ortopædisk kirurgi,Almen medicin,ledig
Sjælland,"Næstved, Slagelse og Ringsted Sygehuse",Ortopædisk kirurgi,Almen medicin,ledig
Sjælland,"Næstved, Slagelse og Ringsted Sygehuse",Ortopædisk kirurgi,Almen medicin,ledig
Sjælland,"Næstved, Slagelse og Ringsted Sygehuse",Ortopædisk kirurgi,Almen medicin,ledig
Sjælland,"Område Næstved, Slagelse, Ringsted Sygehuse",Almen medicin,Psykiatri,ledig
Sjælland,"Område Næstved, Slagelse, Ringsted Sygehuse",Almen medicin,Psykiatri,ledig
Sjælland,Sjællands Universitetshospital,Akutmedicin,Almen medicin,ledig
Sjælland,Sjællands Universitetshospital,Akutmedicin,Almen medicin,ledig
Sjælland,Sjællands Universitetshospital,Akutmedicin,Almen medicin,ledig
Sjælland,Sjællands Universitetshospital,Akutmedicin,Almen medicin,ledig
Sjælland,Sjællands Universitetshospital,Kirurgi,Almen medicin,optaget
Sjælland,Sjællands Universitetshospital,Kirurgi,Almen medicin,ledig
Sjælland,Sjællands Universitetshospital,Kirurgi,Almen medicin,ledig
Sjælland,Sjællands Universitetshospital,Kirurgi,Almen medicin,ledig
Sjælland,Sjællands Universitetshospital,Kirurgi,Almen medicin,ledig
Sjælland,"Sjællands Universitetshospital, Nykøbing F.",Akutmedicin,Almen medicin,ledig
Sjælland,"Sjællands Universitetshospital, Nykøbing F.",Akutmedicin,Almen medicin,ledig
Sjælland,"Sjællands Universitetshospital, Nykøbing F.",Akutmedicin,Almen medicin,ledig
Sjælland,"Sjællands Universitetshospital, Nykøbing F.",Akutmedicin,Almen medicin,ledig
Sjælland,"Sjællands Universitetshospital, Nykøbing F.",Akutmedicin,Almen medicin,ledig
Sjælland,"Sjællands Universitetshospital, Nykøbing F.",Akutmedicin,Almen medicin,ledig
Sjælland,"Sjællands Universitetshospital, Nykøbing F.",Akutmedicin,Almen medicin,ledig
Sjælland,"Sjællands Universitetshospital, Nykøbing F.",Akutmedicin,Almen medicin,ledig
Sjælland,"Sjællands Universitetshospital, Nykøbing F.",Akutmedicin,Almen medicin,ledig
Sjælland,"Sjællands Universitetshospital, Nykøbing F.",Akutmedicin,Almen medicin,ledig
Sjælland,"Sjællands Universitetshospital, Nykøbing F.",Akutmedicin,Almen medicin,ledig
Sjælland,"Sjællands Universitetshospital, Nykøbing F.",Akutmedicin,Almen medicin,ledig
Sjælland,"Sjællands Universitetshospital, Nykøbing F.",Intern medicin,Almen medicin,ledig
Sjælland,"Sjællands Universitetshospital, Nykøbing F.",Intern medicin,Almen medicin,ledig
Sjælland,"Sjællands Universitetshospital, Nykøbing F.",Ortopædisk kirurgi,Almen medicin,ledig
Sjælland,"Sjællands Universitetshospital, Nykøbing F.",Ortopædisk kirurgi,Almen medicin,ledig
Sjælland,"Sjællands Universitetshospital, Nykøbing F.",Ortopædisk kirurgi,Almen medicin,ledig
Sjælland,"Sjællands Universitetshospital, Nykøbing F.",Ortopædisk kirurgi,Almen medicin,ledig
Sjælland,"Sjællands Universitetshospital, Nykøbing F.",Ortopædisk kirurgi,Almen medicin,ledig
Sjælland,"Sjællands Universitetshospital, Nykøbing F.",Ortopædisk kirurgi,Almen medicin,ledig
Sjælland,"Sjællands Universitetshospital, Nykøbing F.",Ortopædisk kirurgi,Almen medicin,ledig
Syddanmark,Esbjerg Sygehus,Intern medicin,Almen medicin,ledig
Syddanmark,Esbjerg Sygehus,Intern medicin,Almen medicin,ledig
Syddanmark,Esbjerg Sygehus,Intern medicin,Almen medicin,ledig
Syddanmark,Esbjerg Sygehus,Intern medicin,Almen medicin,ledig
Syddanmark,Esbjerg Sygehus,Intern medicin,Almen medicin,ledig
Syddanmark,Esbjerg Sygehus,Intern medicin,Almen medicin,ledig
Syddanmark,Esbjerg Sygehus,Intern medicin,Almen medicin,ledig
Syddanmark,Esbjerg Sygehus,Intern medicin,Almen medicin,ledig
Syddanmark,Esbjerg Sygehus,Intern medicin,Almen medicin,ledig
Syddanmark,Esbjerg Sygehus,Intern medicin,Almen medicin,ledig
Syddanmark,Esbjerg Sygehus,Intern medicin,Almen medicin,ledig
Syddanmark,Esbjerg Sygehus,Intern medicin,Almen medicin,ledig
Syddanmark,Esbjerg Sygehus,Intern medicin,Almen medicin,ledig
Syddanmark,Esbjerg Sygehus,Intern medicin,Almen medicin,ledig
Syddanmark,Esbjerg Sygehus,Intern medicin,Almen medicin,ledig
Syddanmark,Esbjerg Sygehus,Intern medicin,Almen medicin,ledig
Syddanmark,Esbjerg Sygehus,Kirurgi,Almen medicin,ledig
Syddanmark,Esbjerg Sygehus,Kirurgi,Almen medicin,ledig
Syddanmark,Esbjerg Sygehus,Kirurgi,Almen medicin,ledig
Syddanmark,Esbjerg Sygehus,Kirurgi,Almen medicin,ledig
Syddanmark,Esbjerg Sygehus,Kirurgi,Almen medicin,ledig
Syddanmark,Esbjerg Sygehus,Kirurgi,Almen medicin,ledig
Syddanmark,Esbjerg Sygehus,Neurologi,Almen medicin,ledig
Syddanmark,Esbjerg Sygehus,Ortopædisk kirurgi,Almen medicin,ledig
Syddanmark,Esbjerg Sygehus,Ortopædisk kirurgi,Almen medicin,ledig
Syddanmark,Esbjerg Sygehus,Ortopædisk kirurgi,Almen medicin,ledig
Syddanmark,Esbjerg Sygehus,Ortopædisk kirurgi,Almen medicin,ledig
Syddanmark,Esbjerg Sygehus,Ortopædisk kirurgi,Almen medicin,ledig
Syddanmark,Esbjerg Sygehus,Ortopædisk kirurgi,Almen medicin,ledig
Syddanmark,Esbjerg Sygehus,Urologi,Almen medicin,ledig
Syddanmark,Esbjerg Sygehus,Urologi,Almen medicin,ledig
Syddanmark,Område Sønderjylland,Almen medicin,Psykiatri,ledig
Syddanmark,Område Sønderjylland,Almen medicin,Psykiatri,ledig
Syddanmark,Område Sønderjylland,Almen medicin,Psykiatri,ledig
Syddanmark,OUH Odense Universitetshospital,Intern medicin,Ikke angivet,optaget
Syddanmark,OUH Odense Universitetshospital,Intern medicin,Ikke angivet,optaget
Syddanmark,OUH Odense Universitetshospital,Intern medicin,Ikke angivet,ledig
Syddanmark,OUH Odense Universitetshospital,Intern medicin,Almen medicin,ledig
Syddanmark,OUH Odense Universitetshospital,Intern medicin,Almen medicin,ledig
Syddanmark,OUH Odense Universitetshospital,Intern medicin,Almen medicin,optaget
Syddanmark,OUH Odense Universitetshospital,Intern medicin,Almen medicin,ledig
Syddanmark,OUH Odense Universitetshospital,Intern medicin,Almen medicin,optaget
Syddanmark,OUH Odense Universitetshospital,Intern medicin,Almen medicin,optaget
Syddanmark,OUH Odense Universitetshospital,Intern medicin,Almen medicin,optaget
Syddanmark,OUH Odense Universitetshospital,Intern medicin: Kardiologi,Ikke angivet,ledig
Syddanmark,OUH Odense Universitetshospital,Intern medicin: Kardiologi,Almen medicin,ledig
Syddanmark,OUH Odense Universitetshospital,Kirurgi,Almen medicin,ledig
Syddanmark,OUH Odense Universitetshospital,Kirurgi,Almen medicin,ledig
Syddanmark,OUH Odense Universitetshospital,Kirurgi,Almen medicin,ledig
Syddanmark,OUH Odense Universitetshospital,Neurologi,Almen medicin,ledig
Syddanmark,OUH Odense Universitetshospital,Neurologi,Almen medicin,optaget
Syddanmark,OUH Odense Universitetshospital,Ortopædisk kirurgi,Almen medicin,ledig
Syddanmark,OUH Odense Universitetshospital,Ortopædisk kirurgi,Almen medicin,ledig
Syddanmark,OUH Svendborg Sygehus,Intern medicin,Almen medicin,ledig
Syddanmark,OUH Svendborg Sygehus,Intern medicin,Ikke angivet,ledig
Syddanmark,OUH Svendborg Sygehus,Intern medicin,Almen medicin,ledig
Syddanmark,OUH Svendborg Sygehus,Kirurgi,Almen medicin,ledig
Syddanmark,OUH Svendborg Sygehus,Kirurgi,Almen medicin,ledig
Syddanmark,OUH Svendborg Sygehus,Kirurgi,Almen medicin,ledig
Syddanmark,OUH Svendborg Sygehus,Kirurgi,Almen medicin,ledig
Syddanmark,OUH Svendborg Sygehus,Ortopædisk kirurgi,Almen medicin,ledig
Syddanmark,OUH Svendborg Sygehus,Ortopædisk kirurgi,Almen medicin,ledig
Syddanmark,OUH Svendborg Sygehus,Ortopædisk kirurgi,Ikke angivet,ledig
Syddanmark,OUH Svendborg Sygehus,Ortopædisk kirurgi,Almen medicin,ledig
Syddanmark,Psykiatrien i Region Syddanmark,Psykiatri,Almen medicin,ledig
Syddanmark,Psykiatrien i Region Syddanmark,Psykiatri,Almen medicin,ledig
Syddanmark,Psykiatrien i Region Syddanmark,Psykiatri,Almen medicin,ledig
Syddanmark,Sygehus Lillebælt Kolding,Intern medicin,Almen medicin,ledig
Syddanmark,Sygehus Lillebælt Kolding,Intern medicin,Almen medicin,ledig
Syddanmark,Sygehus Lillebælt Kolding,Intern medicin,Almen medicin,ledig
Syddanmark,Sygehus Lillebælt Kolding,Intern medicin,Almen medicin,ledig
Syddanmark,Sygehus Lillebælt Kolding,Intern medicin,Almen medicin,optaget
Syddanmark,Sygehus Lillebælt Kolding,Intern medicin,Almen medicin,ledig
Syddanmark,Sygehus Lillebælt Kolding,Intern medicin: Kardiologi,Almen medicin,ledig
Syddanmark,Sygehus Lillebælt Kolding,Intern medicin: Kardiologi,Almen medicin,ledig
Syddanmark,Sygehus Lillebælt Kolding,Kirurgi,Almen medicin,ledig
Syddanmark,Sygehus Lillebælt Kolding,Kirurgi,Almen medicin,ledig
Syddanmark,Sygehus Lillebælt Kolding,Kirurgi,Almen medicin,ledig
Syddanmark,Sygehus Lillebælt Kolding,Kirurgi,Almen medicin,ledig
Syddanmark,Sygehus Lillebælt Kolding,Neurologi,Almen medicin,ledig
Syddanmark,Sygehus Lillebælt Kolding,Neurologi,Almen medicin,ledig
Syddanmark,Sygehus Lillebælt Kolding,Ortopædisk kirurgi,Almen medicin,ledig
Syddanmark,Sygehus Lillebælt Kolding,Ortopædisk kirurgi,Almen medicin,ledig
Syddanmark,Sygehus Lillebælt Kolding,Ortopædisk kirurgi,Almen medicin,ledig
Syddanmark,Sygehus Lillebælt Kolding,Ortopædisk kirurgi,Almen medicin,ledig
Syddanmark,Sygehus Lillebælt Kolding,Ortopædisk kirurgi,Almen medicin,ledig
Syddanmark,Sygehus Lillebælt Vejle,Intern medicin,Almen medicin,ledig
Syddanmark,Sygehus Lillebælt Vejle,Intern medicin,Almen medicin,ledig
Syddanmark,Sygehus Lillebælt Vejle,Intern medicin,Almen medicin,optaget
Syddanmark,Sygehus Lillebælt Vejle,Intern medicin,Almen medicin,ledig
Syddanmark,Sygehus Lillebælt Vejle,Intern medicin: Kardiologi,Almen medicin,ledig
Syddanmark,Sygehus Lillebælt Vejle,Ortopædisk kirurgi,Almen medicin,ledig
Syddanmark,Sygehus Lillebælt Vejle,Ortopædisk kirurgi,Almen medicin,ledig
Syddanmark,Sygehus Lillebælt Vejle,Ortopædisk kirurgi,Almen medicin,ledig
Syddanmark,Sygehus Lillebælt Vejle,Ortopædisk kirurgi,Almen medicin,ledig
Syddanmark,Sygehus Lillebælt Vejle,Urologi,Almen medicin,ledig
Syddanmark,Sygehus Lillebælt Vejle,Urologi,Almen medicin,ledig
Syddanmark,Sygehus Sønderjylland Sønderborg,Intern medicin,Almen medicin,ledig
Syddanmark,Sygehus Sønderjylland Sønderborg,Intern medicin,Almen medicin,ledig
Syddanmark,Sygehus Sønderjylland Sønderborg,Intern medicin,Almen medicin,ledig
Syddanmark,Sygehus Sønderjylland Sønderborg,Intern medicin,Almen medicin,ledig
Syddanmark,Sygehus Sønderjylland Sønderborg,Intern medicin,Almen medicin,ledig
Syddanmark,Sygehus Sønderjylland Sønderborg,Intern medicin,Almen medicin,ledig
Syddanmark,Sygehus Sønderjylland Sønderborg,Intern medicin,Almen medicin,ledig
Syddanmark,Sygehus Sønderjylland Sønderborg,Intern medicin,Almen medicin,ledig
Syddanmark,Sygehus Sønderjylland Aabenraa,Intern medicin,Almen medicin,ledig
Syddanmark,Sygehus Sønderjylland Aabenraa,Intern medicin,Almen medicin,ledig
Syddanmark,Sygehus Sønderjylland Aabenraa,Intern medicin,Almen medicin,ledig
Syddanmark,Sygehus Sønderjylland Aabenraa,Intern medicin,Almen medicin,ledig
Syddanmark,Sygehus Sønderjylland Aabenraa,Intern medicin,Almen medicin,ledig
Syddanmark,Sygehus Sønderjylland Aabenraa,Intern medicin,Almen medicin,ledig
Syddanmark,Sygehus Sønderjylland Aabenraa,Intern medicin,Almen medicin,ledig
Syddanmark,Sygehus Sønderjylland Aabenraa,Intern medicin,Almen medicin,ledig
Syddanmark,Sygehus Sønderjylland Aabenraa,Intern medicin,Almen medicin,ledig
Syddanmark,Sygehus Sønderjylland Aabenraa,Intern medicin,Almen medicin,ledig
Syddanmark,Sygehus Sønderjylland Aabenraa,Intern medicin,Almen medicin,ledig
Syddanmark,Sygehus Sønderjylland Aabenraa,Intern medicin,Almen medicin,ledig
Syddanmark,Sygehus Sønderjylland Aabenraa,Kirurgi,Almen medicin,ledig
Syddanmark,Sygehus Sønderjylland Aabenraa,Kirurgi,Almen medicin,ledig
Syddanmark,Sygehus Sønderjylland Aabenraa,Kirurgi,Almen medicin,ledig
Syddanmark,Sygehus Sønderjylland Aabenraa,Kirurgi,Almen medicin,ledig
Syddanmark,Sygehus Sønderjylland Aabenraa,Kirurgi,Almen medicin,ledig
Syddanmark,Sygehus Sønderjylland Aabenraa,Ortopædisk kirurgi,Almen medicin,ledig
Syddanmark,Sygehus Sønderjylland Aabenraa,Ortopædisk kirurgi,Almen medicin,ledig
Syddanmark,Sygehus Sønderjylland Aabenraa,Ortopædisk kirurgi,Almen medicin,ledig
Syddanmark,Sygehus Sønderjylland Aabenraa,Ortopædisk kirurgi,Almen medicin,ledig
Syddanmark,Sygehus Sønderjylland Aabenraa,Ortopædisk kirurgi,Almen medicin,ledig
